ID,Class
0.jpg,MIDDLE
1.jpg,OLD
3.jpg,MIDDLE
4.jpg,MIDDLE
5.jpg,YOUNG
8.jpg,MIDDLE
9.jpg,OLD
11.jpg,MIDDLE
12.jpg,YOUNG
13.jpg,YOUNG
15.jpg,MIDDLE
17.jpg,OLD
19.jpg,MIDDLE
21.jpg,YOUNG
22.jpg,YOUNG
23.jpg,YOUNG
24.jpg,YOUNG
25.jpg,YOUNG
26.jpg,OLD
27.jpg,MIDDLE
28.jpg,MIDDLE
29.jpg,YOUNG
30.jpg,YOUNG
34.jpg,YOUNG
35.jpg,MIDDLE
36.jpg,YOUNG
37.jpg,MIDDLE
38.jpg,MIDDLE
39.jpg,MIDDLE
40.jpg,OLD
41.jpg,YOUNG
43.jpg,OLD
45.jpg,OLD
46.jpg,YOUNG
47.jpg,YOUNG
48.jpg,YOUNG
49.jpg,YOUNG
50.jpg,OLD
52.jpg,MIDDLE
55.jpg,YOUNG
56.jpg,MIDDLE
57.jpg,MIDDLE
58.jpg,MIDDLE
59.jpg,MIDDLE
60.jpg,MIDDLE
61.jpg,MIDDLE
62.jpg,MIDDLE
63.jpg,YOUNG
64.jpg,OLD
65.jpg,OLD
66.jpg,MIDDLE
67.jpg,YOUNG
68.jpg,MIDDLE
69.jpg,YOUNG
70.jpg,YOUNG
71.jpg,MIDDLE
74.jpg,MIDDLE
75.jpg,MIDDLE
76.jpg,MIDDLE
77.jpg,OLD
78.jpg,MIDDLE
80.jpg,MIDDLE
81.jpg,YOUNG
83.jpg,MIDDLE
84.jpg,YOUNG
85.jpg,MIDDLE
86.jpg,MIDDLE
87.jpg,MIDDLE
88.jpg,YOUNG
90.jpg,MIDDLE
91.jpg,OLD
92.jpg,MIDDLE
93.jpg,MIDDLE
94.jpg,MIDDLE
95.jpg,OLD
96.jpg,MIDDLE
97.jpg,MIDDLE
98.jpg,MIDDLE
99.jpg,YOUNG
100.jpg,MIDDLE
101.jpg,YOUNG
102.jpg,MIDDLE
103.jpg,YOUNG
106.jpg,MIDDLE
107.jpg,MIDDLE
108.jpg,YOUNG
109.jpg,MIDDLE
111.jpg,OLD
112.jpg,MIDDLE
114.jpg,YOUNG
115.jpg,YOUNG
116.jpg,YOUNG
117.jpg,YOUNG
118.jpg,YOUNG
119.jpg,MIDDLE
120.jpg,YOUNG
121.jpg,MIDDLE
122.jpg,MIDDLE
124.jpg,MIDDLE
125.jpg,OLD
126.jpg,MIDDLE
127.jpg,MIDDLE
128.jpg,OLD
129.jpg,MIDDLE
131.jpg,YOUNG
132.jpg,MIDDLE
133.jpg,OLD
134.jpg,OLD
136.jpg,OLD
137.jpg,MIDDLE
138.jpg,MIDDLE
142.jpg,MIDDLE
144.jpg,MIDDLE
145.jpg,MIDDLE
148.jpg,MIDDLE
149.jpg,YOUNG
150.jpg,YOUNG
151.jpg,MIDDLE
152.jpg,MIDDLE
153.jpg,MIDDLE
154.jpg,MIDDLE
155.jpg,YOUNG
156.jpg,YOUNG
157.jpg,MIDDLE
158.jpg,MIDDLE
159.jpg,YOUNG
160.jpg,YOUNG
162.jpg,MIDDLE
163.jpg,MIDDLE
164.jpg,MIDDLE
166.jpg,YOUNG
167.jpg,YOUNG
168.jpg,YOUNG
169.jpg,YOUNG
171.jpg,YOUNG
172.jpg,MIDDLE
173.jpg,YOUNG
174.jpg,MIDDLE
175.jpg,MIDDLE
176.jpg,MIDDLE
179.jpg,YOUNG
180.jpg,MIDDLE
181.jpg,MIDDLE
183.jpg,YOUNG
184.jpg,YOUNG
185.jpg,YOUNG
188.jpg,MIDDLE
189.jpg,OLD
190.jpg,MIDDLE
191.jpg,MIDDLE
192.jpg,OLD
193.jpg,YOUNG
194.jpg,MIDDLE
195.jpg,YOUNG
198.jpg,MIDDLE
201.jpg,MIDDLE
202.jpg,YOUNG
203.jpg,YOUNG
204.jpg,YOUNG
205.jpg,YOUNG
206.jpg,OLD
208.jpg,YOUNG
209.jpg,MIDDLE
210.jpg,MIDDLE
211.jpg,MIDDLE
214.jpg,YOUNG
215.jpg,YOUNG
216.jpg,MIDDLE
217.jpg,MIDDLE
218.jpg,MIDDLE
219.jpg,MIDDLE
220.jpg,MIDDLE
221.jpg,YOUNG
222.jpg,YOUNG
223.jpg,MIDDLE
224.jpg,MIDDLE
225.jpg,OLD
226.jpg,OLD
227.jpg,YOUNG
229.jpg,YOUNG
232.jpg,YOUNG
233.jpg,MIDDLE
235.jpg,MIDDLE
236.jpg,MIDDLE
237.jpg,MIDDLE
238.jpg,MIDDLE
239.jpg,MIDDLE
240.jpg,YOUNG
241.jpg,MIDDLE
242.jpg,YOUNG
245.jpg,OLD
246.jpg,YOUNG
247.jpg,MIDDLE
248.jpg,YOUNG
249.jpg,MIDDLE
250.jpg,YOUNG
251.jpg,MIDDLE
256.jpg,MIDDLE
257.jpg,MIDDLE
258.jpg,YOUNG
261.jpg,MIDDLE
262.jpg,YOUNG
263.jpg,MIDDLE
264.jpg,OLD
265.jpg,YOUNG
266.jpg,YOUNG
267.jpg,OLD
268.jpg,MIDDLE
269.jpg,YOUNG
271.jpg,YOUNG
272.jpg,YOUNG
273.jpg,MIDDLE
275.jpg,MIDDLE
278.jpg,OLD
279.jpg,YOUNG
282.jpg,YOUNG
283.jpg,MIDDLE
284.jpg,MIDDLE
285.jpg,YOUNG
286.jpg,MIDDLE
287.jpg,YOUNG
288.jpg,OLD
289.jpg,YOUNG
291.jpg,MIDDLE
292.jpg,OLD
294.jpg,YOUNG
298.jpg,YOUNG
300.jpg,YOUNG
301.jpg,MIDDLE
302.jpg,MIDDLE
303.jpg,MIDDLE
305.jpg,MIDDLE
306.jpg,OLD
311.jpg,OLD
314.jpg,YOUNG
316.jpg,MIDDLE
317.jpg,MIDDLE
318.jpg,OLD
319.jpg,OLD
320.jpg,YOUNG
323.jpg,YOUNG
325.jpg,YOUNG
326.jpg,MIDDLE
327.jpg,MIDDLE
328.jpg,OLD
329.jpg,YOUNG
330.jpg,YOUNG
333.jpg,YOUNG
335.jpg,MIDDLE
336.jpg,MIDDLE
337.jpg,OLD
338.jpg,MIDDLE
339.jpg,MIDDLE
340.jpg,MIDDLE
341.jpg,MIDDLE
342.jpg,OLD
343.jpg,MIDDLE
344.jpg,YOUNG
345.jpg,MIDDLE
346.jpg,MIDDLE
347.jpg,MIDDLE
348.jpg,YOUNG
349.jpg,MIDDLE
350.jpg,MIDDLE
351.jpg,MIDDLE
352.jpg,YOUNG
353.jpg,MIDDLE
354.jpg,YOUNG
355.jpg,YOUNG
356.jpg,MIDDLE
357.jpg,MIDDLE
358.jpg,OLD
359.jpg,YOUNG
360.jpg,MIDDLE
361.jpg,OLD
362.jpg,MIDDLE
363.jpg,YOUNG
365.jpg,MIDDLE
367.jpg,OLD
368.jpg,YOUNG
369.jpg,MIDDLE
370.jpg,MIDDLE
371.jpg,MIDDLE
372.jpg,MIDDLE
373.jpg,MIDDLE
374.jpg,OLD
377.jpg,MIDDLE
378.jpg,YOUNG
379.jpg,MIDDLE
381.jpg,MIDDLE
383.jpg,OLD
384.jpg,MIDDLE
385.jpg,YOUNG
386.jpg,MIDDLE
388.jpg,MIDDLE
389.jpg,MIDDLE
390.jpg,MIDDLE
391.jpg,YOUNG
392.jpg,MIDDLE
394.jpg,YOUNG
395.jpg,MIDDLE
397.jpg,YOUNG
398.jpg,MIDDLE
400.jpg,YOUNG
403.jpg,MIDDLE
404.jpg,OLD
405.jpg,MIDDLE
406.jpg,MIDDLE
407.jpg,YOUNG
408.jpg,MIDDLE
409.jpg,MIDDLE
412.jpg,MIDDLE
413.jpg,YOUNG
414.jpg,MIDDLE
416.jpg,MIDDLE
417.jpg,MIDDLE
418.jpg,MIDDLE
419.jpg,YOUNG
420.jpg,OLD
421.jpg,MIDDLE
422.jpg,MIDDLE
423.jpg,MIDDLE
424.jpg,OLD
425.jpg,MIDDLE
426.jpg,MIDDLE
430.jpg,OLD
432.jpg,MIDDLE
433.jpg,YOUNG
434.jpg,MIDDLE
435.jpg,MIDDLE
436.jpg,MIDDLE
437.jpg,YOUNG
438.jpg,OLD
439.jpg,MIDDLE
441.jpg,YOUNG
442.jpg,MIDDLE
443.jpg,MIDDLE
444.jpg,YOUNG
445.jpg,YOUNG
448.jpg,MIDDLE
450.jpg,MIDDLE
451.jpg,OLD
452.jpg,MIDDLE
453.jpg,MIDDLE
454.jpg,YOUNG
455.jpg,MIDDLE
456.jpg,MIDDLE
457.jpg,MIDDLE
458.jpg,MIDDLE
459.jpg,MIDDLE
460.jpg,OLD
461.jpg,MIDDLE
462.jpg,YOUNG
464.jpg,MIDDLE
465.jpg,MIDDLE
467.jpg,MIDDLE
468.jpg,MIDDLE
469.jpg,OLD
470.jpg,MIDDLE
471.jpg,MIDDLE
472.jpg,YOUNG
473.jpg,MIDDLE
475.jpg,YOUNG
476.jpg,YOUNG
478.jpg,MIDDLE
479.jpg,MIDDLE
481.jpg,MIDDLE
483.jpg,YOUNG
484.jpg,YOUNG
485.jpg,MIDDLE
486.jpg,YOUNG
489.jpg,MIDDLE
491.jpg,MIDDLE
492.jpg,YOUNG
493.jpg,MIDDLE
496.jpg,MIDDLE
497.jpg,YOUNG
498.jpg,MIDDLE
499.jpg,YOUNG
501.jpg,OLD
502.jpg,MIDDLE
504.jpg,MIDDLE
505.jpg,MIDDLE
507.jpg,MIDDLE
508.jpg,MIDDLE
509.jpg,YOUNG
510.jpg,OLD
512.jpg,OLD
513.jpg,OLD
514.jpg,MIDDLE
515.jpg,YOUNG
517.jpg,MIDDLE
518.jpg,MIDDLE
519.jpg,YOUNG
520.jpg,MIDDLE
521.jpg,YOUNG
522.jpg,YOUNG
523.jpg,YOUNG
526.jpg,MIDDLE
527.jpg,MIDDLE
530.jpg,MIDDLE
531.jpg,YOUNG
532.jpg,MIDDLE
533.jpg,MIDDLE
534.jpg,MIDDLE
535.jpg,OLD
536.jpg,MIDDLE
537.jpg,MIDDLE
538.jpg,YOUNG
540.jpg,OLD
541.jpg,YOUNG
542.jpg,MIDDLE
543.jpg,MIDDLE
544.jpg,YOUNG
546.jpg,MIDDLE
547.jpg,MIDDLE
548.jpg,YOUNG
549.jpg,YOUNG
552.jpg,YOUNG
553.jpg,YOUNG
554.jpg,YOUNG
555.jpg,OLD
556.jpg,YOUNG
557.jpg,MIDDLE
558.jpg,MIDDLE
559.jpg,YOUNG
560.jpg,MIDDLE
561.jpg,YOUNG
562.jpg,MIDDLE
564.jpg,OLD
566.jpg,MIDDLE
567.jpg,YOUNG
568.jpg,MIDDLE
569.jpg,MIDDLE
571.jpg,OLD
572.jpg,YOUNG
573.jpg,YOUNG
574.jpg,MIDDLE
575.jpg,MIDDLE
577.jpg,YOUNG
578.jpg,MIDDLE
579.jpg,MIDDLE
580.jpg,MIDDLE
581.jpg,MIDDLE
582.jpg,YOUNG
583.jpg,OLD
584.jpg,MIDDLE
585.jpg,MIDDLE
586.jpg,MIDDLE
587.jpg,MIDDLE
589.jpg,YOUNG
590.jpg,MIDDLE
591.jpg,MIDDLE
592.jpg,YOUNG
593.jpg,MIDDLE
594.jpg,YOUNG
595.jpg,YOUNG
596.jpg,YOUNG
597.jpg,YOUNG
598.jpg,YOUNG
599.jpg,MIDDLE
600.jpg,OLD
601.jpg,YOUNG
602.jpg,MIDDLE
603.jpg,YOUNG
604.jpg,MIDDLE
605.jpg,YOUNG
606.jpg,YOUNG
607.jpg,MIDDLE
608.jpg,MIDDLE
609.jpg,YOUNG
610.jpg,MIDDLE
611.jpg,MIDDLE
612.jpg,MIDDLE
614.jpg,MIDDLE
615.jpg,MIDDLE
616.jpg,MIDDLE
617.jpg,YOUNG
618.jpg,MIDDLE
620.jpg,MIDDLE
621.jpg,MIDDLE
623.jpg,MIDDLE
624.jpg,MIDDLE
628.jpg,OLD
630.jpg,MIDDLE
634.jpg,YOUNG
635.jpg,MIDDLE
636.jpg,MIDDLE
638.jpg,MIDDLE
639.jpg,YOUNG
640.jpg,MIDDLE
641.jpg,YOUNG
642.jpg,MIDDLE
643.jpg,MIDDLE
644.jpg,MIDDLE
645.jpg,YOUNG
646.jpg,MIDDLE
648.jpg,YOUNG
649.jpg,MIDDLE
650.jpg,MIDDLE
